model_key,family,params_b,tuning,tier,conflict_type,prompt_style,score_mode,n,mean,ci_low,ci_high,positive_fraction,t,p
qwen25_15b_base,Qwen,1.5,base,anchor_1b2b,antonym_remapping,definition_scope,sum_logprob,80.0,1.310977051556741,1.0458283428739499,1.593558229490512,0.9125,9.478052929192083,1.1371596449666941e-14
qwen25_15b_base,Qwen,1.5,base,anchor_1b2b,antonym_remapping,definition_scope,mean_logprob,80.0,1.216268882138037,0.9742602456082042,1.465685632872941,0.9125,9.779236458435937,2.954075302450506e-15
qwen25_15b_base,Qwen,1.5,base,anchor_1b2b,antonym_remapping,game_rule,sum_logprob,80.0,1.359007306534598,0.9745280948946734,1.7472094946782424,0.775,6.939438816424368,9.754074358246307e-10
qwen25_15b_base,Qwen,1.5,base,anchor_1b2b,antonym_remapping,game_rule,mean_logprob,80.0,1.2654070119720724,0.9035609982812475,1.6204586987545284,0.775,6.868543847284776,1.3316125663077408e-09
qwen25_15b_base,Qwen,1.5,base,anchor_1b2b,antonym_remapping,glossary,sum_logprob,80.0,1.8643972662054389,1.5087400930196841,2.2353152263518132,0.9,9.914518537742133,1.6148122497206404e-15
qwen25_15b_base,Qwen,1.5,base,anchor_1b2b,antonym_remapping,glossary,mean_logprob,80.0,1.7547796638556368,1.4499696080765314,2.0764616168443735,0.9,10.5254591731191,1.0710185733249507e-16
qwen25_15b_base,Qwen,1.5,base,anchor_1b2b,antonym_remapping,technical_document,sum_logprob,80.0,1.3236639880438208,1.0308663921793808,1.6347138373644188,0.85,8.610125140870103,5.618880195735164e-13
qwen25_15b_base,Qwen,1.5,base,anchor_1b2b,antonym_remapping,technical_document,mean_logprob,80.0,1.2011858760501732,0.9344267631200971,1.480675585377975,0.825,8.610278791677795,5.614997438978714e-13
qwen25_15b_base,Qwen,1.5,base,anchor_1b2b,arbitrary_semantic_remapping,definition_scope,sum_logprob,36.0,3.261429454441424,2.8438621625028278,3.653656796724708,1.0,15.388332526115834,3.7741821581177844e-17
qwen25_15b_base,Qwen,1.5,base,anchor_1b2b,arbitrary_semantic_remapping,definition_scope,mean_logprob,36.0,3.261429454441424,2.8438621625028278,3.653656796724708,1.0,15.388332526115834,3.7741821581177844e-17
qwen25_15b_base,Qwen,1.5,base,anchor_1b2b,arbitrary_semantic_remapping,game_rule,sum_logprob,36.0,4.965639484735827,4.430986025968257,5.480457951344067,1.0,17.976388084447212,2.9710836958824288e-19
qwen25_15b_base,Qwen,1.5,base,anchor_1b2b,arbitrary_semantic_remapping,game_rule,mean_logprob,36.0,4.965639484735827,4.430986025968257,5.480457951344067,1.0,17.976388084447212,2.9710836958824288e-19
qwen25_15b_base,Qwen,1.5,base,anchor_1b2b,arbitrary_semantic_remapping,glossary,sum_logprob,36.0,3.0745080996442726,2.5190501978000004,3.6060727501357044,0.9722222222222222,10.973255477699729,7.064076413955703e-13
qwen25_15b_base,Qwen,1.5,base,anchor_1b2b,arbitrary_semantic_remapping,glossary,mean_logprob,36.0,3.0745080996442726,2.5190501978000004,3.6060727501357044,0.9722222222222222,10.973255477699729,7.064076413955703e-13
qwen25_15b_base,Qwen,1.5,base,anchor_1b2b,arbitrary_semantic_remapping,technical_document,sum_logprob,36.0,4.804542863810504,4.083282753825188,5.575379830764399,1.0,12.282794022585698,3.016989742797576e-14
qwen25_15b_base,Qwen,1.5,base,anchor_1b2b,arbitrary_semantic_remapping,technical_document,mean_logprob,36.0,4.804542863810504,4.083282753825188,5.575379830764399,1.0,12.282794022585698,3.016989742797576e-14
qwen25_15b_base,Qwen,1.5,base,anchor_1b2b,polysemy_entity_remapping,definition_scope,sum_logprob,30.0,2.3894095977147414,1.812039925456047,2.9091751868195,0.9,8.130500764489607,5.7656235216445274e-09
qwen25_15b_base,Qwen,1.5,base,anchor_1b2b,polysemy_entity_remapping,definition_scope,mean_logprob,30.0,2.3894095977147414,1.812039925456047,2.9091751868195,0.9,8.130500764489607,5.7656235216445274e-09
qwen25_15b_base,Qwen,1.5,base,anchor_1b2b,polysemy_entity_remapping,game_rule,sum_logprob,30.0,4.184635392990377,3.418450530424921,4.930768190484701,1.0,10.845921945994746,1.0134999887241245e-11
qwen25_15b_base,Qwen,1.5,base,anchor_1b2b,polysemy_entity_remapping,game_rule,mean_logprob,30.0,4.184635392990377,3.418450530424921,4.930768190484701,1.0,10.845921945994746,1.0134999887241245e-11
qwen25_15b_base,Qwen,1.5,base,anchor_1b2b,polysemy_entity_remapping,glossary,sum_logprob,30.0,1.7579860157436797,1.2128428047895432,2.2896396853526433,0.9333333333333333,6.3074941439348144,6.876071956847869e-07
qwen25_15b_base,Qwen,1.5,base,anchor_1b2b,polysemy_entity_remapping,glossary,mean_logprob,30.0,1.7579860157436797,1.2128428047895432,2.2896396853526433,0.9333333333333333,6.3074941439348144,6.876071956847869e-07
qwen25_15b_base,Qwen,1.5,base,anchor_1b2b,polysemy_entity_remapping,technical_document,sum_logprob,30.0,2.4257814274893863,1.7132489828599822,3.169863443076611,0.9333333333333333,6.3359988955830415,6.363429681649166e-07
qwen25_15b_base,Qwen,1.5,base,anchor_1b2b,polysemy_entity_remapping,technical_document,mean_logprob,30.0,2.4257814274893863,1.7132489828599822,3.169863443076611,0.9333333333333333,6.3359988955830415,6.363429681649166e-07
qwen25_15b_base,Qwen,1.5,base,anchor_1b2b,domain_definition_remapping,definition_scope,sum_logprob,30.0,2.223784719573126,1.7638715709580317,2.698450495070881,0.9666666666666667,8.936120017689495,7.940152271459267e-10
qwen25_15b_base,Qwen,1.5,base,anchor_1b2b,domain_definition_remapping,definition_scope,mean_logprob,30.0,2.223784719573126,1.7638715709580317,2.698450495070881,0.9666666666666667,8.936120017689495,7.940152271459267e-10
qwen25_15b_base,Qwen,1.5,base,anchor_1b2b,domain_definition_remapping,game_rule,sum_logprob,30.0,3.6597222765286763,3.006592897002897,4.350195281811886,1.0,10.354217375174228,2.978641243071584e-11
qwen25_15b_base,Qwen,1.5,base,anchor_1b2b,domain_definition_remapping,game_rule,mean_logprob,30.0,3.6597222765286763,3.006592897002897,4.350195281811886,1.0,10.354217375174228,2.978641243071584e-11
qwen25_15b_base,Qwen,1.5,base,anchor_1b2b,domain_definition_remapping,glossary,sum_logprob,30.0,1.484201513396369,1.0868750882811014,1.9072158332665765,0.9666666666666667,6.688989740663797,2.452877466778265e-07
qwen25_15b_base,Qwen,1.5,base,anchor_1b2b,domain_definition_remapping,glossary,mean_logprob,30.0,1.484201513396369,1.0868750882811014,1.9072158332665765,0.9666666666666667,6.688989740663797,2.452877466778265e-07
qwen25_15b_base,Qwen,1.5,base,anchor_1b2b,domain_definition_remapping,technical_document,sum_logprob,30.0,1.247656279140049,0.7883376635114352,1.773689106802146,0.9,4.712743961353374,5.633330093198844e-05
qwen25_15b_base,Qwen,1.5,base,anchor_1b2b,domain_definition_remapping,technical_document,mean_logprob,30.0,1.247656279140049,0.7883376635114352,1.773689106802146,0.9,4.712743961353374,5.633330093198844e-05
qwen25_15b_instruct,Qwen,1.5,instruct,anchor_1b2b,antonym_remapping,definition_scope,sum_logprob,80.0,1.4201393143271315,0.9295868774372833,1.9596401347439185,0.7,5.506946088438666,4.403654880127691e-07
qwen25_15b_instruct,Qwen,1.5,instruct,anchor_1b2b,antonym_remapping,definition_scope,mean_logprob,80.0,1.283048252967592,0.8573506801683989,1.7134216779905582,0.7,5.838332904092552,1.1145715081626306e-07
qwen25_15b_instruct,Qwen,1.5,instruct,anchor_1b2b,antonym_remapping,game_rule,sum_logprob,80.0,-0.05652140190879893,-1.3164107067708775,1.1364956182753487,0.4875,-0.08770640707219454,0.9303319693001522
qwen25_15b_instruct,Qwen,1.5,instruct,anchor_1b2b,antonym_remapping,game_rule,mean_logprob,80.0,-0.44246281176695373,-1.6340299816027175,0.7344470618737806,0.45,-0.7109433177193505,0.47921315782491614
qwen25_15b_instruct,Qwen,1.5,instruct,anchor_1b2b,antonym_remapping,glossary,sum_logprob,80.0,2.1074746687281367,1.5746524797839088,2.6952021851242267,0.85,7.583649041658716,5.6160566196265965e-11
qwen25_15b_instruct,Qwen,1.5,instruct,anchor_1b2b,antonym_remapping,glossary,mean_logprob,80.0,1.9060503723273725,1.4732177978614602,2.367099555945892,0.85,8.319879875510743,2.0728666931553494e-12
qwen25_15b_instruct,Qwen,1.5,instruct,anchor_1b2b,antonym_remapping,technical_document,sum_logprob,80.0,3.2800758102711214,2.738409841541592,3.870856348785798,0.925,11.429843818301897,2.0379674978964087e-18
qwen25_15b_instruct,Qwen,1.5,instruct,anchor_1b2b,antonym_remapping,technical_document,mean_logprob,80.0,3.1390524457387934,2.6618451173270996,3.628046204394708,0.925,12.679316059350397,9.78768281061913e-21
qwen25_15b_instruct,Qwen,1.5,instruct,anchor_1b2b,arbitrary_semantic_remapping,definition_scope,sum_logprob,36.0,1.9443047797238384,1.2708377330391496,2.6052665194979423,0.8055555555555556,5.484991989460766,3.6886083125477053e-06
qwen25_15b_instruct,Qwen,1.5,instruct,anchor_1b2b,arbitrary_semantic_remapping,definition_scope,mean_logprob,36.0,1.9443047797238384,1.2708377330391496,2.6052665194979423,0.8055555555555556,5.484991989460766,3.6886083125477053e-06
qwen25_15b_instruct,Qwen,1.5,instruct,anchor_1b2b,arbitrary_semantic_remapping,game_rule,sum_logprob,36.0,8.192135321873206,6.946349713785781,9.451092872354721,0.9722222222222222,12.43200152904621,2.134750774369247e-14
qwen25_15b_instruct,Qwen,1.5,instruct,anchor_1b2b,arbitrary_semantic_remapping,game_rule,mean_logprob,36.0,8.192135321873206,6.946349713785781,9.451092872354721,0.9722222222222222,12.43200152904621,2.134750774369247e-14
qwen25_15b_instruct,Qwen,1.5,instruct,anchor_1b2b,arbitrary_semantic_remapping,glossary,sum_logprob,36.0,5.207952152799677,4.473272630903456,5.978653953693531,0.9722222222222222,13.412727316113006,2.345091806462104e-15
qwen25_15b_instruct,Qwen,1.5,instruct,anchor_1b2b,arbitrary_semantic_remapping,glossary,mean_logprob,36.0,5.207952152799677,4.473272630903456,5.978653953693531,0.9722222222222222,13.412727316113006,2.345091806462104e-15
qwen25_15b_instruct,Qwen,1.5,instruct,anchor_1b2b,arbitrary_semantic_remapping,technical_document,sum_logprob,36.0,3.539545107770849,2.935786908533838,4.201141871235988,1.0,10.712406951238318,1.358562617231412e-12
qwen25_15b_instruct,Qwen,1.5,instruct,anchor_1b2b,arbitrary_semantic_remapping,technical_document,mean_logprob,36.0,3.539545107770849,2.935786908533838,4.201141871235988,1.0,10.712406951238318,1.358562617231412e-12
qwen25_15b_instruct,Qwen,1.5,instruct,anchor_1b2b,polysemy_entity_remapping,definition_scope,sum_logprob,30.0,1.624283398522271,0.9896289405557845,2.19286268207762,0.8333333333333334,5.346011018878116,9.69813612012984e-06
qwen25_15b_instruct,Qwen,1.5,instruct,anchor_1b2b,polysemy_entity_remapping,definition_scope,mean_logprob,30.0,1.624283398522271,0.9896289405557845,2.19286268207762,0.8333333333333334,5.346011018878116,9.69813612012984e-06
qwen25_15b_instruct,Qwen,1.5,instruct,anchor_1b2b,polysemy_entity_remapping,game_rule,sum_logprob,30.0,4.607880001597935,3.2239084814654464,5.925569705698226,0.9,6.374484676922128,5.732032344668643e-07
qwen25_15b_instruct,Qwen,1.5,instruct,anchor_1b2b,polysemy_entity_remapping,game_rule,mean_logprob,30.0,4.607880001597935,3.2239084814654464,5.925569705698226,0.9,6.374484676922128,5.732032344668643e-07
qwen25_15b_instruct,Qwen,1.5,instruct,anchor_1b2b,polysemy_entity_remapping,glossary,sum_logprob,30.0,2.0384924676683216,1.0650671132405598,3.0217696899175666,0.8,3.9134575316933273,0.0005057875971784626
qwen25_15b_instruct,Qwen,1.5,instruct,anchor_1b2b,polysemy_entity_remapping,glossary,mean_logprob,30.0,2.0384924676683216,1.0650671132405598,3.0217696899175666,0.8,3.9134575316933273,0.0005057875971784626
qwen25_15b_instruct,Qwen,1.5,instruct,anchor_1b2b,polysemy_entity_remapping,technical_document,sum_logprob,30.0,1.371351385116577,0.6855325706799825,2.0031557325522105,0.7333333333333333,4.168276641412097,0.0002528797283075728
qwen25_15b_instruct,Qwen,1.5,instruct,anchor_1b2b,polysemy_entity_remapping,technical_document,mean_logprob,30.0,1.371351385116577,0.6855325706799825,2.0031557325522105,0.7333333333333333,4.168276641412097,0.0002528797283075728
qwen25_15b_instruct,Qwen,1.5,instruct,anchor_1b2b,domain_definition_remapping,definition_scope,sum_logprob,30.0,2.0465035756429035,1.3794745658503638,2.7967838982741045,0.8666666666666667,5.5332798345286625,5.7696652057941695e-06
qwen25_15b_instruct,Qwen,1.5,instruct,anchor_1b2b,domain_definition_remapping,definition_scope,mean_logprob,30.0,2.0465035756429035,1.3794745658503638,2.7967838982741045,0.8666666666666667,5.5332798345286625,5.7696652057941695e-06
qwen25_15b_instruct,Qwen,1.5,instruct,anchor_1b2b,domain_definition_remapping,game_rule,sum_logprob,30.0,4.715438967280917,2.8834507547484507,6.7548211744758815,0.7666666666666667,4.64550206742491,6.7878433070263e-05
qwen25_15b_instruct,Qwen,1.5,instruct,anchor_1b2b,domain_definition_remapping,game_rule,mean_logprob,30.0,4.715438967280917,2.8834507547484507,6.7548211744758815,0.7666666666666667,4.64550206742491,6.7878433070263e-05
qwen25_15b_instruct,Qwen,1.5,instruct,anchor_1b2b,domain_definition_remapping,glossary,sum_logprob,30.0,1.650513320498996,0.6661566760804917,2.633800970183479,0.7,3.0632365187651445,0.004693535973216206
qwen25_15b_instruct,Qwen,1.5,instruct,anchor_1b2b,domain_definition_remapping,glossary,mean_logprob,30.0,1.650513320498996,0.6661566760804917,2.633800970183479,0.7,3.0632365187651445,0.004693535973216206
qwen25_15b_instruct,Qwen,1.5,instruct,anchor_1b2b,domain_definition_remapping,technical_document,sum_logprob,30.0,1.7561259110768634,1.0093820814291639,2.50482628054089,0.7333333333333333,4.565570192052003,8.469637744731844e-05
qwen25_15b_instruct,Qwen,1.5,instruct,anchor_1b2b,domain_definition_remapping,technical_document,mean_logprob,30.0,1.7561259110768634,1.0093820814291639,2.50482628054089,0.7333333333333333,4.565570192052003,8.469637744731844e-05
gemma2_2b_base,Gemma,2.0,base,anchor_1b2b,antonym_remapping,definition_scope,sum_logprob,80.0,0.9088921878486872,0.3620276958557467,1.444723583050073,0.65,3.313728400614168,0.0013910950611418199
gemma2_2b_base,Gemma,2.0,base,anchor_1b2b,antonym_remapping,definition_scope,mean_logprob,80.0,0.8027821252122521,0.2631081994188329,1.3376350165018813,0.625,2.885686085314581,0.0050334726068252175
gemma2_2b_base,Gemma,2.0,base,anchor_1b2b,antonym_remapping,game_rule,sum_logprob,80.0,3.10431755023698,2.4705323517128517,3.7642081339641784,0.85,9.273453172036803,2.847247712761606e-14
gemma2_2b_base,Gemma,2.0,base,anchor_1b2b,antonym_remapping,game_rule,mean_logprob,80.0,3.0245582558214665,2.3612003888500235,3.706802569759311,0.8375,8.778174969144501,2.6381765767701064e-13
gemma2_2b_base,Gemma,2.0,base,anchor_1b2b,antonym_remapping,glossary,sum_logprob,80.0,1.0397683874859163,0.34232528924127104,1.6904766557804154,0.7625,3.0146742531127297,0.0034577969390998365
gemma2_2b_base,Gemma,2.0,base,anchor_1b2b,antonym_remapping,glossary,mean_logprob,80.0,0.9339933954722557,0.24246609920480605,1.5589010626238693,0.75,2.7775649502256776,0.0068383557587084354
gemma2_2b_base,Gemma,2.0,base,anchor_1b2b,antonym_remapping,technical_document,sum_logprob,80.0,-0.2071000422506284,-0.8608788813836874,0.4943380593881012,0.525,-0.5981556131498172,0.5514471520757418
gemma2_2b_base,Gemma,2.0,base,anchor_1b2b,antonym_remapping,technical_document,mean_logprob,80.0,-0.3154529889657474,-0.9659785994070507,0.35004194213698314,0.525,-0.9403714587929127,0.3498935975729872
gemma2_2b_base,Gemma,2.0,base,anchor_1b2b,arbitrary_semantic_remapping,definition_scope,sum_logprob,36.0,1.9246103476594998,0.47143101692199707,3.3297588952437596,0.6666666666666666,2.5936903131181768,0.013771317639997418
gemma2_2b_base,Gemma,2.0,base,anchor_1b2b,arbitrary_semantic_remapping,definition_scope,mean_logprob,36.0,1.9246103476594998,0.47143101692199707,3.3297588952437596,0.6666666666666666,2.5936903131181768,0.013771317639997418
gemma2_2b_base,Gemma,2.0,base,anchor_1b2b,arbitrary_semantic_remapping,game_rule,sum_logprob,36.0,4.323685227168931,2.92393502773786,5.705875547809734,0.8611111111111112,5.932976392872715,9.461487381882327e-07
gemma2_2b_base,Gemma,2.0,base,anchor_1b2b,arbitrary_semantic_remapping,game_rule,mean_logprob,36.0,4.323685227168931,2.92393502773786,5.705875547809734,0.8611111111111112,5.932976392872715,9.461487381882327e-07
gemma2_2b_base,Gemma,2.0,base,anchor_1b2b,arbitrary_semantic_remapping,glossary,sum_logprob,36.0,1.2679132664645159,0.08672605410770147,2.4380657821893696,0.7222222222222222,2.125332051718035,0.040692016718796596
gemma2_2b_base,Gemma,2.0,base,anchor_1b2b,arbitrary_semantic_remapping,glossary,mean_logprob,36.0,1.2679132664645159,0.08672605410770147,2.4380657821893696,0.7222222222222222,2.125332051718035,0.040692016718796596
gemma2_2b_base,Gemma,2.0,base,anchor_1b2b,arbitrary_semantic_remapping,technical_document,sum_logprob,36.0,0.7027950507623179,-0.6030021900380098,1.950190418406769,0.5555555555555556,1.08633091961344,0.28475799157255216
gemma2_2b_base,Gemma,2.0,base,anchor_1b2b,arbitrary_semantic_remapping,technical_document,mean_logprob,36.0,0.7027950507623179,-0.6030021900380098,1.950190418406769,0.5555555555555556,1.08633091961344,0.28475799157255216
gemma2_2b_base,Gemma,2.0,base,anchor_1b2b,polysemy_entity_remapping,definition_scope,sum_logprob,30.0,1.1504436439938017,-0.024400682184431116,2.2853123049272432,0.6333333333333333,1.8832115965058793,0.06973671009711695
gemma2_2b_base,Gemma,2.0,base,anchor_1b2b,polysemy_entity_remapping,definition_scope,mean_logprob,30.0,1.1504436439938017,-0.024400682184431116,2.2853123049272432,0.6333333333333333,1.8832115965058793,0.06973671009711695
gemma2_2b_base,Gemma,2.0,base,anchor_1b2b,polysemy_entity_remapping,game_rule,sum_logprob,30.0,2.535508973068661,0.8796726225482095,4.310592335330115,0.6333333333333333,2.871920090542063,0.0075498217739828
gemma2_2b_base,Gemma,2.0,base,anchor_1b2b,polysemy_entity_remapping,game_rule,mean_logprob,30.0,2.535508973068661,0.8796726225482095,4.310592335330115,0.6333333333333333,2.871920090542063,0.0075498217739828
gemma2_2b_base,Gemma,2.0,base,anchor_1b2b,polysemy_entity_remapping,glossary,sum_logprob,30.0,2.3613111442989774,1.4719683138529458,3.1678483521938325,0.8666666666666667,5.3126446981193824,1.0639496686213039e-05
gemma2_2b_base,Gemma,2.0,base,anchor_1b2b,polysemy_entity_remapping,glossary,mean_logprob,30.0,2.3613111442989774,1.4719683138529458,3.1678483521938325,0.8666666666666667,5.3126446981193824,1.0639496686213039e-05
gemma2_2b_base,Gemma,2.0,base,anchor_1b2b,polysemy_entity_remapping,technical_document,sum_logprob,30.0,1.1875656631257796,-0.09837681472301466,2.351470814148585,0.7,1.899524067613608,0.06748259031262019
gemma2_2b_base,Gemma,2.0,base,anchor_1b2b,polysemy_entity_remapping,technical_document,mean_logprob,30.0,1.1875656631257796,-0.09837681472301466,2.351470814148585,0.7,1.899524067613608,0.06748259031262019
gemma2_2b_base,Gemma,2.0,base,anchor_1b2b,domain_definition_remapping,definition_scope,sum_logprob,30.0,1.3721730099784002,-0.024895297023985147,2.6661960773997837,0.7,1.9837518151210494,0.056821570285019184
gemma2_2b_base,Gemma,2.0,base,anchor_1b2b,domain_definition_remapping,definition_scope,mean_logprob,30.0,1.3721730099784002,-0.024895297023985147,2.6661960773997837,0.7,1.9837518151210494,0.056821570285019184
gemma2_2b_base,Gemma,2.0,base,anchor_1b2b,domain_definition_remapping,game_rule,sum_logprob,30.0,4.479516563150619,3.006744312379095,5.889150865707132,0.8666666666666667,5.843144760542884,2.4513873598379264e-06
gemma2_2b_base,Gemma,2.0,base,anchor_1b2b,domain_definition_remapping,game_rule,mean_logprob,30.0,4.479516563150619,3.006744312379095,5.889150865707132,0.8666666666666667,5.843144760542884,2.4513873598379264e-06
gemma2_2b_base,Gemma,2.0,base,anchor_1b2b,domain_definition_remapping,glossary,sum_logprob,30.0,2.1958752128813,1.147422929538621,3.1353092632691073,0.8333333333333334,4.406771183200277,0.00013133527900698933
gemma2_2b_base,Gemma,2.0,base,anchor_1b2b,domain_definition_remapping,glossary,mean_logprob,30.0,2.1958752128813,1.147422929538621,3.1353092632691073,0.8333333333333334,4.406771183200277,0.00013133527900698933
gemma2_2b_base,Gemma,2.0,base,anchor_1b2b,domain_definition_remapping,technical_document,sum_logprob,30.0,1.0650089422861737,-0.4430172371202044,2.526144883765116,0.6,1.3934682157682168,0.17406701516387926
gemma2_2b_base,Gemma,2.0,base,anchor_1b2b,domain_definition_remapping,technical_document,mean_logprob,30.0,1.0650089422861737,-0.4430172371202044,2.526144883765116,0.6,1.3934682157682168,0.17406701516387926
gemma2_2b_instruct,Gemma,2.0,instruct,anchor_1b2b,antonym_remapping,definition_scope,sum_logprob,80.0,1.324466652698781,0.7917441522879076,1.8370944711162915,0.7375,4.883253616386261,5.342069733091526e-06
gemma2_2b_instruct,Gemma,2.0,instruct,anchor_1b2b,antonym_remapping,definition_scope,mean_logprob,80.0,1.3135738834875155,0.7823884623431923,1.8153282224569132,0.7375,4.924063413376504,4.555721419683806e-06
gemma2_2b_instruct,Gemma,2.0,instruct,anchor_1b2b,antonym_remapping,game_rule,sum_logprob,80.0,-2.473480690133632,-3.48568593553097,-1.4108447708299416,0.2,-4.723917908982501,9.887500184652891e-06
gemma2_2b_instruct,Gemma,2.0,instruct,anchor_1b2b,antonym_remapping,game_rule,mean_logprob,80.0,-2.4643055312892104,-3.479453281885735,-1.4065545420635308,0.2,-4.7041124569901065,1.0666510868422319e-05
gemma2_2b_instruct,Gemma,2.0,instruct,anchor_1b2b,antonym_remapping,glossary,sum_logprob,80.0,2.1402951839096205,1.6508982937015753,2.613742027037412,0.8125,8.63441557838603,5.037205067672846e-13
gemma2_2b_instruct,Gemma,2.0,instruct,anchor_1b2b,antonym_remapping,glossary,mean_logprob,80.0,2.115439240263246,1.6276710318370167,2.58095915267029,0.8125,8.663631799256805,4.416766723354466e-13
gemma2_2b_instruct,Gemma,2.0,instruct,anchor_1b2b,antonym_remapping,technical_document,sum_logprob,80.0,1.225426355042388,0.8917272456984878,1.5681827061810085,0.7875,7.143243648717565,3.9720209370071413e-10
gemma2_2b_instruct,Gemma,2.0,instruct,anchor_1b2b,antonym_remapping,technical_document,mean_logprob,80.0,1.2029994324040065,0.8635263671340604,1.5471134606169683,0.7625,6.912552582134938,1.097717304003145e-09
gemma2_2b_instruct,Gemma,2.0,instruct,anchor_1b2b,arbitrary_semantic_remapping,definition_scope,sum_logprob,36.0,5.098583148585426,4.274734526927825,5.854787457099668,0.9722222222222222,12.823048261243148,8.731302217466753e-15
gemma2_2b_instruct,Gemma,2.0,instruct,anchor_1b2b,arbitrary_semantic_remapping,definition_scope,mean_logprob,36.0,5.098583148585426,4.274734526927825,5.854787457099668,0.9722222222222222,12.823048261243148,8.731302217466753e-15
gemma2_2b_instruct,Gemma,2.0,instruct,anchor_1b2b,arbitrary_semantic_remapping,game_rule,sum_logprob,36.0,11.938589804702334,9.423974169404419,14.51414098756181,0.9722222222222222,9.218632770171295,6.816603882040348e-11
gemma2_2b_instruct,Gemma,2.0,instruct,anchor_1b2b,arbitrary_semantic_remapping,game_rule,mean_logprob,36.0,11.938589804702334,9.423974169404419,14.51414098756181,0.9722222222222222,9.218632770171295,6.816603882040348e-11
gemma2_2b_instruct,Gemma,2.0,instruct,anchor_1b2b,arbitrary_semantic_remapping,glossary,sum_logprob,36.0,5.491572607446599,3.953232211536831,7.036443878323944,0.9166666666666666,6.856988628564641,5.848193248170923e-08
gemma2_2b_instruct,Gemma,2.0,instruct,anchor_1b2b,arbitrary_semantic_remapping,glossary,mean_logprob,36.0,5.491572607446599,3.953232211536831,7.036443878323944,0.9166666666666666,6.856988628564641,5.848193248170923e-08
gemma2_2b_instruct,Gemma,2.0,instruct,anchor_1b2b,arbitrary_semantic_remapping,technical_document,sum_logprob,36.0,2.8046831334078757,2.0547627372874153,3.5855460927442273,0.9166666666666666,7.067876692533462,3.123335564935819e-08
gemma2_2b_instruct,Gemma,2.0,instruct,anchor_1b2b,arbitrary_semantic_remapping,technical_document,mean_logprob,36.0,2.8046831334078757,2.0547627372874153,3.5855460927442273,0.9166666666666666,7.067876692533462,3.123335564935819e-08
gemma2_2b_instruct,Gemma,2.0,instruct,anchor_1b2b,polysemy_entity_remapping,definition_scope,sum_logprob,30.0,2.661982038285997,1.5758576848771841,3.6604335334565903,0.8333333333333334,4.994319377116484,2.577004227554176e-05
gemma2_2b_instruct,Gemma,2.0,instruct,anchor_1b2b,polysemy_entity_remapping,definition_scope,mean_logprob,30.0,2.661982038285997,1.5758576848771841,3.6604335334565903,0.8333333333333334,4.994319377116484,2.577004227554176e-05
gemma2_2b_instruct,Gemma,2.0,instruct,anchor_1b2b,polysemy_entity_remapping,game_rule,sum_logprob,30.0,4.177716726726955,2.3754015472200183,5.874920360777113,0.7333333333333333,4.470273545296297,0.0001102249607228831
gemma2_2b_instruct,Gemma,2.0,instruct,anchor_1b2b,polysemy_entity_remapping,game_rule,mean_logprob,30.0,4.177716726726955,2.3754015472200183,5.874920360777113,0.7333333333333333,4.470273545296297,0.0001102249607228831
gemma2_2b_instruct,Gemma,2.0,instruct,anchor_1b2b,polysemy_entity_remapping,glossary,sum_logprob,30.0,3.8805554601881247,2.1867317956023755,5.549182495408588,0.7666666666666667,4.4119634028039005,0.00012946837243261718
gemma2_2b_instruct,Gemma,2.0,instruct,anchor_1b2b,polysemy_entity_remapping,glossary,mean_logprob,30.0,3.8805554601881247,2.1867317956023755,5.549182495408588,0.7666666666666667,4.4119634028039005,0.00012946837243261718
gemma2_2b_instruct,Gemma,2.0,instruct,anchor_1b2b,polysemy_entity_remapping,technical_document,sum_logprob,30.0,1.451178338792589,0.9341598044501411,1.9593840217590335,0.8666666666666667,5.68497826704828,3.7922221875294456e-06
gemma2_2b_instruct,Gemma,2.0,instruct,anchor_1b2b,polysemy_entity_remapping,technical_document,mean_logprob,30.0,1.451178338792589,0.9341598044501411,1.9593840217590335,0.8666666666666667,5.68497826704828,3.7922221875294456e-06
gemma2_2b_instruct,Gemma,2.0,instruct,anchor_1b2b,domain_definition_remapping,definition_scope,sum_logprob,30.0,2.404597240024143,1.6650057310528228,3.1220856624179416,0.8333333333333334,6.201256180883421,9.183647098814036e-07
gemma2_2b_instruct,Gemma,2.0,instruct,anchor_1b2b,domain_definition_remapping,definition_scope,mean_logprob,30.0,2.404597240024143,1.6650057310528228,3.1220856624179416,0.8333333333333334,6.201256180883421,9.183647098814036e-07
gemma2_2b_instruct,Gemma,2.0,instruct,anchor_1b2b,domain_definition_remapping,game_rule,sum_logprob,30.0,3.8842663685480754,1.5374384028381771,6.3248781669139875,0.6333333333333333,3.110860054606384,0.004162349817553665
gemma2_2b_instruct,Gemma,2.0,instruct,anchor_1b2b,domain_definition_remapping,game_rule,mean_logprob,30.0,3.8842663685480754,1.5374384028381771,6.3248781669139875,0.6333333333333333,3.110860054606384,0.004162349817553665
gemma2_2b_instruct,Gemma,2.0,instruct,anchor_1b2b,domain_definition_remapping,glossary,sum_logprob,30.0,3.6948510752783883,2.1071262726518833,5.379003792736266,0.8333333333333334,4.302031150756608,0.00017523154818491944
gemma2_2b_instruct,Gemma,2.0,instruct,anchor_1b2b,domain_definition_remapping,glossary,mean_logprob,30.0,3.6948510752783883,2.1071262726518833,5.379003792736266,0.8333333333333334,4.302031150756608,0.00017523154818491944
gemma2_2b_instruct,Gemma,2.0,instruct,anchor_1b2b,domain_definition_remapping,technical_document,sum_logprob,30.0,1.510383955637614,1.064235968854692,1.983811808692084,0.8666666666666667,6.216608417303589,8.807021476500997e-07
gemma2_2b_instruct,Gemma,2.0,instruct,anchor_1b2b,domain_definition_remapping,technical_document,mean_logprob,30.0,1.510383955637614,1.064235968854692,1.983811808692084,0.8666666666666667,6.216608417303589,8.807021476500997e-07
olmo_1b_base,OLMo,1.0,base,anchor_1b2b,antonym_remapping,definition_scope,sum_logprob,80.0,2.0623909058132996,1.674270747368073,2.4425072933012753,0.9,10.51233450134203,1.1349836455550254e-16
olmo_1b_base,OLMo,1.0,base,anchor_1b2b,antonym_remapping,definition_scope,mean_logprob,80.0,1.7545529923740104,1.399322316062755,2.100302422130765,0.8875,9.86736206137809,1.9929860898443652e-15
olmo_1b_base,OLMo,1.0,base,anchor_1b2b,antonym_remapping,game_rule,sum_logprob,80.0,1.847302421191974,1.5221442683663067,2.1756940281301196,0.9125,10.971511203215163,1.5039260919187334e-17
olmo_1b_base,OLMo,1.0,base,anchor_1b2b,antonym_remapping,game_rule,mean_logprob,80.0,1.5441811035939788,1.2302997295610707,1.8651784818584567,0.9,9.575563596146573,7.346769147555138e-15
olmo_1b_base,OLMo,1.0,base,anchor_1b2b,antonym_remapping,glossary,sum_logprob,80.0,1.6925200930360007,1.3646792315140315,2.0010346002067068,0.9,10.353777205115591,2.2897326567549e-16
olmo_1b_base,OLMo,1.0,base,anchor_1b2b,antonym_remapping,glossary,mean_logprob,80.0,1.4609985749350423,1.1683807635792296,1.7296847208498893,0.875,10.051471290338593,8.770991792098848e-16
olmo_1b_base,OLMo,1.0,base,anchor_1b2b,antonym_remapping,technical_document,sum_logprob,80.0,2.8641720647303375,2.424169414035688,3.298982126481289,0.975,12.785476489556217,6.269016489160997e-21
olmo_1b_base,OLMo,1.0,base,anchor_1b2b,antonym_remapping,technical_document,mean_logprob,80.0,2.4821857447477464,2.089650391832176,2.8768831654158222,0.9625,12.185781766930221,7.899261213317844e-20
olmo_1b_base,OLMo,1.0,base,anchor_1b2b,arbitrary_semantic_remapping,definition_scope,sum_logprob,36.0,2.6030815287872597,2.051352613833216,3.127209855340146,0.9444444444444444,9.471828849443828,3.4390672952122383e-11
olmo_1b_base,OLMo,1.0,base,anchor_1b2b,arbitrary_semantic_remapping,definition_scope,mean_logprob,36.0,2.6030815287872597,2.051352613833216,3.127209855340146,0.9444444444444444,9.471828849443828,3.4390672952122383e-11
olmo_1b_base,OLMo,1.0,base,anchor_1b2b,arbitrary_semantic_remapping,game_rule,sum_logprob,36.0,2.819155126258179,2.336849011163469,3.28975157479721,0.9722222222222222,11.735286874226608,1.0986778403365434e-13
olmo_1b_base,OLMo,1.0,base,anchor_1b2b,arbitrary_semantic_remapping,game_rule,mean_logprob,36.0,2.819155126258179,2.336849011163469,3.28975157479721,0.9722222222222222,11.735286874226608,1.0986778403365434e-13
olmo_1b_base,OLMo,1.0,base,anchor_1b2b,arbitrary_semantic_remapping,glossary,sum_logprob,36.0,3.5269821175822504,2.9381294381011416,4.107814360465166,0.9722222222222222,11.690833348283634,1.222210927887017e-13
olmo_1b_base,OLMo,1.0,base,anchor_1b2b,arbitrary_semantic_remapping,glossary,mean_logprob,36.0,3.5269821175822504,2.9381294381011416,4.107814360465166,0.9722222222222222,11.690833348283634,1.222210927887017e-13
olmo_1b_base,OLMo,1.0,base,anchor_1b2b,arbitrary_semantic_remapping,technical_document,sum_logprob,36.0,3.3241464032067194,2.7567744299217507,3.8513056784316357,0.9722222222222222,12.01663219191261,5.6292568895708585e-14
olmo_1b_base,OLMo,1.0,base,anchor_1b2b,arbitrary_semantic_remapping,technical_document,mean_logprob,36.0,3.3241464032067194,2.7567744299217507,3.8513056784316357,0.9722222222222222,12.01663219191261,5.6292568895708585e-14
olmo_1b_base,OLMo,1.0,base,anchor_1b2b,polysemy_entity_remapping,definition_scope,sum_logprob,30.0,1.9943576799498666,1.527897085381879,2.4759983733627537,1.0,8.056054202614629,6.954481285899108e-09
olmo_1b_base,OLMo,1.0,base,anchor_1b2b,polysemy_entity_remapping,definition_scope,mean_logprob,30.0,1.9943576799498666,1.527897085381879,2.4759983733627537,1.0,8.056054202614629,6.954481285899108e-09
olmo_1b_base,OLMo,1.0,base,anchor_1b2b,polysemy_entity_remapping,game_rule,sum_logprob,30.0,2.8934028029441836,2.348029688497385,3.421618866489994,1.0,10.481479488163208,2.246862777925691e-11
olmo_1b_base,OLMo,1.0,base,anchor_1b2b,polysemy_entity_remapping,game_rule,mean_logprob,30.0,2.8934028029441836,2.348029688497385,3.421618866489994,1.0,10.481479488163208,2.246862777925691e-11
olmo_1b_base,OLMo,1.0,base,anchor_1b2b,polysemy_entity_remapping,glossary,sum_logprob,30.0,2.548914930555556,2.0500640338659286,3.03979817920261,1.0,9.780258641281492,1.0899408189002663e-10
olmo_1b_base,OLMo,1.0,base,anchor_1b2b,polysemy_entity_remapping,glossary,mean_logprob,30.0,2.548914930555556,2.0500640338659286,3.03979817920261,1.0,9.780258641281492,1.0899408189002663e-10
olmo_1b_base,OLMo,1.0,base,anchor_1b2b,polysemy_entity_remapping,technical_document,sum_logprob,30.0,2.3519531461927623,1.8945225620269772,2.803687164054977,1.0,9.723710555447903,1.2413924108801752e-10
olmo_1b_base,OLMo,1.0,base,anchor_1b2b,polysemy_entity_remapping,technical_document,mean_logprob,30.0,2.3519531461927623,1.8945225620269772,2.803687164054977,1.0,9.723710555447903,1.2413924108801752e-10
olmo_1b_base,OLMo,1.0,base,anchor_1b2b,domain_definition_remapping,definition_scope,sum_logprob,30.0,1.5457465913560653,1.141434462467829,1.9808463438351944,0.9666666666666667,7.063923396080228,9.03455840248282e-08
olmo_1b_base,OLMo,1.0,base,anchor_1b2b,domain_definition_remapping,definition_scope,mean_logprob,30.0,1.5457465913560653,1.141434462467829,1.9808463438351944,0.9666666666666667,7.063923396080228,9.03455840248282e-08
olmo_1b_base,OLMo,1.0,base,anchor_1b2b,domain_definition_remapping,game_rule,sum_logprob,30.0,2.934201401472092,2.4081510963870425,3.4883767243723076,0.9666666666666667,10.362254214991362,2.925899704948873e-11
olmo_1b_base,OLMo,1.0,base,anchor_1b2b,domain_definition_remapping,game_rule,mean_logprob,30.0,2.934201401472092,2.4081510963870425,3.4883767243723076,0.9666666666666667,10.362254214991362,2.925899704948873e-11
olmo_1b_base,OLMo,1.0,base,anchor_1b2b,domain_definition_remapping,glossary,sum_logprob,30.0,2.133506965637207,1.6942046907213,2.599181890487671,0.9666666666666667,8.970532323027843,7.309285144303467e-10
olmo_1b_base,OLMo,1.0,base,anchor_1b2b,domain_definition_remapping,glossary,mean_logprob,30.0,2.133506965637207,1.6942046907213,2.599181890487671,0.9666666666666667,8.970532323027843,7.309285144303467e-10
olmo_1b_base,OLMo,1.0,base,anchor_1b2b,domain_definition_remapping,technical_document,sum_logprob,30.0,1.6152343697018094,1.2020008781883453,2.045013012223773,0.9333333333333333,7.42658868659763,3.489965313510431e-08
olmo_1b_base,OLMo,1.0,base,anchor_1b2b,domain_definition_remapping,technical_document,mean_logprob,30.0,1.6152343697018094,1.2020008781883453,2.045013012223773,0.9333333333333333,7.42658868659763,3.489965313510431e-08
qwen25_7b_base,Qwen,7.0,base,large_7b,antonym_remapping,definition_scope,sum_logprob,80.0,1.5011994216472277,1.1721226984550592,1.8301150284934131,0.825,8.993102140338303,1.003425601588917e-13
qwen25_7b_base,Qwen,7.0,base,large_7b,antonym_remapping,definition_scope,mean_logprob,80.0,1.3925873827156061,1.0904321834039972,1.6965038144630913,0.8125,8.946437458745155,1.2376958109965525e-13
qwen25_7b_base,Qwen,7.0,base,large_7b,antonym_remapping,game_rule,sum_logprob,80.0,3.911805916626629,3.4318893265979638,4.4262861205310315,0.9625,14.991834959762755,8.163604736845921e-25
qwen25_7b_base,Qwen,7.0,base,large_7b,antonym_remapping,game_rule,mean_logprob,80.0,3.7085812733880323,3.242489996122863,4.219179445211139,0.9625,14.475848244369327,6.26248265289209e-24
qwen25_7b_base,Qwen,7.0,base,large_7b,antonym_remapping,glossary,sum_logprob,80.0,1.5791550853495815,1.3042164222838073,1.8778355588391422,0.925,10.941211463349504,1.7175429330434233e-17
qwen25_7b_base,Qwen,7.0,base,large_7b,antonym_remapping,glossary,mean_logprob,80.0,1.4817975886519383,1.243741632732664,1.7226986552644747,0.9125,12.100963158596201,1.1340959088739682e-19
qwen25_7b_base,Qwen,7.0,base,large_7b,antonym_remapping,technical_document,sum_logprob,80.0,1.9607706520779176,1.6278727205333055,2.3068239285475287,0.9125,11.254286436800385,4.371822203374025e-18
qwen25_7b_base,Qwen,7.0,base,large_7b,antonym_remapping,technical_document,mean_logprob,80.0,1.8647202204207942,1.5508003749079822,2.186218866931898,0.9125,11.380238844574103,2.5276841993479512e-18
qwen25_7b_base,Qwen,7.0,base,large_7b,arbitrary_semantic_remapping,definition_scope,sum_logprob,36.0,3.848103965874072,3.298629728511528,4.382095075509063,1.0,13.530240630804574,1.8131305149028394e-15
qwen25_7b_base,Qwen,7.0,base,large_7b,arbitrary_semantic_remapping,definition_scope,mean_logprob,36.0,3.848103965874072,3.298629728511528,4.382095075509063,1.0,13.530240630804574,1.8131305149028394e-15
qwen25_7b_base,Qwen,7.0,base,large_7b,arbitrary_semantic_remapping,game_rule,sum_logprob,36.0,4.8398641159551,4.175069096261912,5.512275073618662,1.0,13.71233120841786,1.2207132645591925e-15
qwen25_7b_base,Qwen,7.0,base,large_7b,arbitrary_semantic_remapping,game_rule,mean_logprob,36.0,4.8398641159551,4.175069096261912,5.512275073618662,1.0,13.71233120841786,1.2207132645591925e-15
qwen25_7b_base,Qwen,7.0,base,large_7b,arbitrary_semantic_remapping,glossary,sum_logprob,36.0,3.550291505124834,3.079434090438816,4.02781803958394,1.0,14.098633092250392,5.337265161162484e-16
qwen25_7b_base,Qwen,7.0,base,large_7b,arbitrary_semantic_remapping,glossary,mean_logprob,36.0,3.550291505124834,3.079434090438816,4.02781803958394,1.0,14.098633092250392,5.337265161162484e-16
qwen25_7b_base,Qwen,7.0,base,large_7b,arbitrary_semantic_remapping,technical_document,sum_logprob,36.0,4.132277526237346,3.5390208810567856,4.75542099867706,1.0,12.84491011315305,8.310031938493498e-15
qwen25_7b_base,Qwen,7.0,base,large_7b,arbitrary_semantic_remapping,technical_document,mean_logprob,36.0,4.132277526237346,3.5390208810567856,4.75542099867706,1.0,12.84491011315305,8.310031938493498e-15
qwen25_7b_base,Qwen,7.0,base,large_7b,polysemy_entity_remapping,definition_scope,sum_logprob,30.0,3.0304192132420016,2.4327334669894656,3.5771035065915853,0.9333333333333333,10.46952492423692,2.306962128017479e-11
qwen25_7b_base,Qwen,7.0,base,large_7b,polysemy_entity_remapping,definition_scope,mean_logprob,30.0,3.0304192132420016,2.4327334669894656,3.5771035065915853,0.9333333333333333,10.46952492423692,2.306962128017479e-11
qwen25_7b_base,Qwen,7.0,base,large_7b,polysemy_entity_remapping,game_rule,sum_logprob,30.0,3.790630366570419,2.831861366459892,4.802800530878208,0.9666666666666667,7.445570233391083,3.321893011015758e-08
qwen25_7b_base,Qwen,7.0,base,large_7b,polysemy_entity_remapping,game_rule,mean_logprob,30.0,3.790630366570419,2.831861366459892,4.802800530878208,0.9666666666666667,7.445570233391083,3.321893011015758e-08
qwen25_7b_base,Qwen,7.0,base,large_7b,polysemy_entity_remapping,glossary,sum_logprob,30.0,2.0459817753897775,1.5816606745455,2.5333388743135665,1.0,8.381375931820008,3.0815364499111085e-09
qwen25_7b_base,Qwen,7.0,base,large_7b,polysemy_entity_remapping,glossary,mean_logprob,30.0,2.0459817753897775,1.5816606745455,2.5333388743135665,1.0,8.381375931820008,3.0815364499111085e-09
qwen25_7b_base,Qwen,7.0,base,large_7b,polysemy_entity_remapping,technical_document,sum_logprob,30.0,2.2638275159729853,1.5554035762614669,2.9462835765547215,0.8333333333333334,6.170851361212051,9.97830726153714e-07
qwen25_7b_base,Qwen,7.0,base,large_7b,polysemy_entity_remapping,technical_document,mean_logprob,30.0,2.2638275159729853,1.5554035762614669,2.9462835765547215,0.8333333333333334,6.170851361212051,9.97830726153714e-07
qwen25_7b_base,Qwen,7.0,base,large_7b,domain_definition_remapping,definition_scope,sum_logprob,30.0,1.8920057853062948,1.4318992236256605,2.4100148893064923,0.9,7.432824102499213,3.433819890322561e-08
qwen25_7b_base,Qwen,7.0,base,large_7b,domain_definition_remapping,definition_scope,mean_logprob,30.0,1.8920057853062948,1.4318992236256605,2.4100148893064923,0.9,7.432824102499213,3.433819890322561e-08
qwen25_7b_base,Qwen,7.0,base,large_7b,domain_definition_remapping,game_rule,sum_logprob,30.0,3.1684786748554976,2.4119258325505584,3.9829240120740397,0.9333333333333333,7.444119948286943,3.334438830521879e-08
qwen25_7b_base,Qwen,7.0,base,large_7b,domain_definition_remapping,game_rule,mean_logprob,30.0,3.1684786748554976,2.4119258325505584,3.9829240120740397,0.9333333333333333,7.444119948286943,3.334438830521879e-08
qwen25_7b_base,Qwen,7.0,base,large_7b,domain_definition_remapping,glossary,sum_logprob,30.0,1.6682962947421605,1.1796241648991903,2.1683629875712924,0.8666666666666667,6.549376130779001,3.571177773808439e-07
qwen25_7b_base,Qwen,7.0,base,large_7b,domain_definition_remapping,glossary,mean_logprob,30.0,1.6682962947421605,1.1796241648991903,2.1683629875712924,0.8666666666666667,6.549376130779001,3.571177773808439e-07
qwen25_7b_base,Qwen,7.0,base,large_7b,domain_definition_remapping,technical_document,sum_logprob,30.0,2.092099422878689,1.5836527950233885,2.625738457904922,0.8666666666666667,7.540397862911983,2.5976556375286695e-08
qwen25_7b_base,Qwen,7.0,base,large_7b,domain_definition_remapping,technical_document,mean_logprob,30.0,2.092099422878689,1.5836527950233885,2.625738457904922,0.8666666666666667,7.540397862911983,2.5976556375286695e-08
qwen25_7b_instruct,Qwen,7.0,instruct,large_7b,antonym_remapping,definition_scope,sum_logprob,80.0,2.5326477611214977,1.9414171515481098,3.142970065701342,0.85,8.21831904383517,3.2718560638701115e-12
qwen25_7b_instruct,Qwen,7.0,instruct,large_7b,antonym_remapping,definition_scope,mean_logprob,80.0,2.4758786515388462,1.9097693610528625,3.0605679597412303,0.8375,8.527417161548916,8.151554701345697e-13
qwen25_7b_instruct,Qwen,7.0,instruct,large_7b,antonym_remapping,game_rule,sum_logprob,80.0,-2.445755895968967,-3.4764573377087573,-1.315907836863551,0.275,-4.553576199112043,1.8884796277099163e-05
qwen25_7b_instruct,Qwen,7.0,instruct,large_7b,antonym_remapping,game_rule,mean_logprob,80.0,-2.471898438820392,-3.4095136623861646,-1.4971100014572571,0.2875,-5.010274743728875,3.2479091913602917e-06
qwen25_7b_instruct,Qwen,7.0,instruct,large_7b,antonym_remapping,glossary,sum_logprob,80.0,0.4703391440145519,-0.2672807955611121,1.2331516593276588,0.55,1.2188410284953932,0.22653160446545972
qwen25_7b_instruct,Qwen,7.0,instruct,large_7b,antonym_remapping,glossary,mean_logprob,80.0,0.3942930294181708,-0.31109303907477803,1.1090624247537342,0.55,1.0596451169163967,0.2925351750739233
qwen25_7b_instruct,Qwen,7.0,instruct,large_7b,antonym_remapping,technical_document,sum_logprob,80.0,1.1187957971985385,0.703934681652202,1.5535148206804812,0.7375,5.150645281054491,1.8616407850489144e-06
qwen25_7b_instruct,Qwen,7.0,instruct,large_7b,antonym_remapping,technical_document,mean_logprob,80.0,1.0500463854301731,0.667581123676095,1.4423048944079981,0.7125,5.266962387766108,1.1679352134688234e-06
qwen25_7b_instruct,Qwen,7.0,instruct,large_7b,arbitrary_semantic_remapping,definition_scope,sum_logprob,36.0,3.930124759674073,3.0415807994427504,4.753778239753512,0.9166666666666666,9.043103471886365,1.1006873723971765e-10
qwen25_7b_instruct,Qwen,7.0,instruct,large_7b,arbitrary_semantic_remapping,definition_scope,mean_logprob,36.0,3.930124759674073,3.0415807994427504,4.753778239753512,0.9166666666666666,9.043103471886365,1.1006873723971765e-10
qwen25_7b_instruct,Qwen,7.0,instruct,large_7b,arbitrary_semantic_remapping,game_rule,sum_logprob,36.0,2.422310198898669,1.3214011412251887,3.4805616862520026,0.75,4.360809540548149,0.00010862903787320619
qwen25_7b_instruct,Qwen,7.0,instruct,large_7b,arbitrary_semantic_remapping,game_rule,mean_logprob,36.0,2.422310198898669,1.3214011412251887,3.4805616862520026,0.75,4.360809540548149,0.00010862903787320619
qwen25_7b_instruct,Qwen,7.0,instruct,large_7b,arbitrary_semantic_remapping,glossary,sum_logprob,36.0,2.5953294325757907,1.744044534199768,3.409320619923097,0.9166666666666666,5.9326748512857925,9.470147391079296e-07
qwen25_7b_instruct,Qwen,7.0,instruct,large_7b,arbitrary_semantic_remapping,glossary,mean_logprob,36.0,2.5953294325757907,1.744044534199768,3.409320619923097,0.9166666666666666,5.9326748512857925,9.470147391079296e-07
qwen25_7b_instruct,Qwen,7.0,instruct,large_7b,arbitrary_semantic_remapping,technical_document,sum_logprob,36.0,0.6337234179178873,0.3611524456077152,0.901150200764338,0.8055555555555556,4.4474522246000285,8.404437473019606e-05
qwen25_7b_instruct,Qwen,7.0,instruct,large_7b,arbitrary_semantic_remapping,technical_document,mean_logprob,36.0,0.6337234179178873,0.3611524456077152,0.901150200764338,0.8055555555555556,4.4474522246000285,8.404437473019606e-05
qwen25_7b_instruct,Qwen,7.0,instruct,large_7b,polysemy_entity_remapping,definition_scope,sum_logprob,30.0,1.0320597701602514,0.21708874636226225,1.8491172454092248,0.6666666666666666,2.444914867614148,0.020799278348492406
qwen25_7b_instruct,Qwen,7.0,instruct,large_7b,polysemy_entity_remapping,definition_scope,mean_logprob,30.0,1.0320597701602514,0.21708874636226225,1.8491172454092248,0.6666666666666666,2.444914867614148,0.020799278348492406
qwen25_7b_instruct,Qwen,7.0,instruct,large_7b,polysemy_entity_remapping,game_rule,sum_logprob,30.0,6.810389584965176,4.834547447628444,8.877039930555556,0.9666666666666667,6.529090211002802,3.7721049990684717e-07
qwen25_7b_instruct,Qwen,7.0,instruct,large_7b,polysemy_entity_remapping,game_rule,mean_logprob,30.0,6.810389584965176,4.834547447628444,8.877039930555556,0.9666666666666667,6.529090211002802,3.7721049990684717e-07
qwen25_7b_instruct,Qwen,7.0,instruct,large_7b,polysemy_entity_remapping,glossary,sum_logprob,30.0,5.2569701910018924,3.6884276784128622,6.9348211016257615,1.0,6.182827703428816,9.65731389308397e-07
qwen25_7b_instruct,Qwen,7.0,instruct,large_7b,polysemy_entity_remapping,glossary,mean_logprob,30.0,5.2569701910018924,3.6884276784128622,6.9348211016257615,1.0,6.182827703428816,9.65731389308397e-07
qwen25_7b_instruct,Qwen,7.0,instruct,large_7b,polysemy_entity_remapping,technical_document,sum_logprob,30.0,0.4443046145968968,0.12247573879030012,0.745309333006541,0.7666666666666667,2.763425489838774,0.009831553263292001
qwen25_7b_instruct,Qwen,7.0,instruct,large_7b,polysemy_entity_remapping,technical_document,mean_logprob,30.0,0.4443046145968968,0.12247573879030012,0.745309333006541,0.7666666666666667,2.763425489838774,0.009831553263292001
qwen25_7b_instruct,Qwen,7.0,instruct,large_7b,domain_definition_remapping,definition_scope,sum_logprob,30.0,1.8189809693230523,0.9669117034806145,2.724456275171704,0.7333333333333333,4.0596266771720755,0.00034018104141821456
qwen25_7b_instruct,Qwen,7.0,instruct,large_7b,domain_definition_remapping,definition_scope,mean_logprob,30.0,1.8189809693230523,0.9669117034806145,2.724456275171704,0.7333333333333333,4.0596266771720755,0.00034018104141821456
qwen25_7b_instruct,Qwen,7.0,instruct,large_7b,domain_definition_remapping,game_rule,sum_logprob,30.0,4.895549286736382,3.1187620494763055,6.898251442644331,0.8333333333333334,4.904511767216945,3.3076218767877796e-05
qwen25_7b_instruct,Qwen,7.0,instruct,large_7b,domain_definition_remapping,game_rule,mean_logprob,30.0,4.895549286736382,3.1187620494763055,6.898251442644331,0.8333333333333334,4.904511767216945,3.3076218767877796e-05
qwen25_7b_instruct,Qwen,7.0,instruct,large_7b,domain_definition_remapping,glossary,sum_logprob,30.0,3.8894844849904384,2.643898739152484,5.198981663121119,0.9,5.7346726899131975,3.3059406846995516e-06
qwen25_7b_instruct,Qwen,7.0,instruct,large_7b,domain_definition_remapping,glossary,mean_logprob,30.0,3.8894844849904384,2.643898739152484,5.198981663121119,0.9,5.7346726899131975,3.3059406846995516e-06
qwen25_7b_instruct,Qwen,7.0,instruct,large_7b,domain_definition_remapping,technical_document,sum_logprob,30.0,0.3036673333909777,-0.04636940929624768,0.6647075210677257,0.6333333333333333,1.6372602766998463,0.11238355207449917
qwen25_7b_instruct,Qwen,7.0,instruct,large_7b,domain_definition_remapping,technical_document,mean_logprob,30.0,0.3036673333909777,-0.04636940929624768,0.6647075210677257,0.6333333333333333,1.6372602766998463,0.11238355207449917
gemma2_9b_base,Gemma,9.0,base,large_7b9b,antonym_remapping,definition_scope,sum_logprob,80.0,0.6099567284186682,0.016181742971142173,1.1233030673116446,0.6125,2.1790296928604005,0.03230942807549338
gemma2_9b_base,Gemma,9.0,base,large_7b9b,antonym_remapping,definition_scope,mean_logprob,80.0,0.6824282879630725,0.19318362172693013,1.1487772980953257,0.6,2.828212002302084,0.005929598072603876
gemma2_9b_base,Gemma,9.0,base,large_7b9b,antonym_remapping,game_rule,sum_logprob,80.0,0.5881746381521225,-0.14962992310523995,1.2995792775104449,0.55,1.6006640374172147,0.11344301564755588
gemma2_9b_base,Gemma,9.0,base,large_7b9b,antonym_remapping,game_rule,mean_logprob,80.0,0.5485511148969332,-0.19242498303453137,1.264963729257385,0.5375,1.4787983930423088,0.14317061109799373
gemma2_9b_base,Gemma,9.0,base,large_7b9b,antonym_remapping,glossary,sum_logprob,80.0,1.7420250999430817,1.2813733322670062,2.1818967093651493,0.825,7.533099616386537,7.035912064010759e-11
gemma2_9b_base,Gemma,9.0,base,large_7b9b,antonym_remapping,glossary,mean_logprob,80.0,1.7452433850616216,1.2948114901874217,2.185553225589295,0.825,7.758903354289852,2.5671002048616575e-11
gemma2_9b_base,Gemma,9.0,base,large_7b9b,antonym_remapping,technical_document,sum_logprob,80.0,2.892819941261162,2.4059726474123693,3.3536619650130164,0.9,11.919031373075484,2.4700057417390763e-19
gemma2_9b_base,Gemma,9.0,base,large_7b9b,antonym_remapping,technical_document,mean_logprob,80.0,2.8560885857635485,2.355363641056077,3.3208025820056597,0.8875,11.642051356430198,8.134037653005179e-19
gemma2_9b_base,Gemma,9.0,base,large_7b9b,arbitrary_semantic_remapping,definition_scope,sum_logprob,36.0,2.304545552642258,1.7263118194209206,2.9536392879706845,0.9444444444444444,7.4470740522308,1.0214213920056782e-08
gemma2_9b_base,Gemma,9.0,base,large_7b9b,arbitrary_semantic_remapping,definition_scope,mean_logprob,36.0,2.304545552642258,1.7263118194209206,2.9536392879706845,0.9444444444444444,7.4470740522308,1.0214213920056782e-08
gemma2_9b_base,Gemma,9.0,base,large_7b9b,arbitrary_semantic_remapping,game_rule,sum_logprob,36.0,2.663953573615463,1.7007159076355125,3.7621294177240805,0.8333333333333334,5.074760644892297,1.2798054894381265e-05
gemma2_9b_base,Gemma,9.0,base,large_7b9b,arbitrary_semantic_remapping,game_rule,mean_logprob,36.0,2.663953573615463,1.7007159076355125,3.7621294177240805,0.8333333333333334,5.074760644892297,1.2798054894381265e-05
gemma2_9b_base,Gemma,9.0,base,large_7b9b,arbitrary_semantic_remapping,glossary,sum_logprob,36.0,5.0691008788568,4.145882158754049,6.017373080441246,0.9444444444444444,10.6906644284998,1.4352447101410244e-12
gemma2_9b_base,Gemma,9.0,base,large_7b9b,arbitrary_semantic_remapping,glossary,mean_logprob,36.0,5.0691008788568,4.145882158754049,6.017373080441246,0.9444444444444444,10.6906644284998,1.4352447101410244e-12
gemma2_9b_base,Gemma,9.0,base,large_7b9b,arbitrary_semantic_remapping,technical_document,sum_logprob,36.0,4.210660543706682,3.3098647940489982,5.161613124388235,0.9722222222222222,8.967881741092295,1.3532165377964262e-10
gemma2_9b_base,Gemma,9.0,base,large_7b9b,arbitrary_semantic_remapping,technical_document,mean_logprob,36.0,4.210660543706682,3.3098647940489982,5.161613124388235,0.9722222222222222,8.967881741092295,1.3532165377964262e-10
gemma2_9b_base,Gemma,9.0,base,large_7b9b,polysemy_entity_remapping,definition_scope,sum_logprob,30.0,1.5626011265648738,0.72954636587037,2.3746534268061326,0.8,3.7472259670991623,0.0007910527402017667
gemma2_9b_base,Gemma,9.0,base,large_7b9b,polysemy_entity_remapping,definition_scope,mean_logprob,30.0,1.5626011265648738,0.72954636587037,2.3746534268061326,0.8,3.7472259670991623,0.0007910527402017667
gemma2_9b_base,Gemma,9.0,base,large_7b9b,polysemy_entity_remapping,game_rule,sum_logprob,30.0,2.3573326587677,1.390687134530809,3.306854048040178,0.8333333333333334,4.797540732810989,4.452062038346116e-05
gemma2_9b_base,Gemma,9.0,base,large_7b9b,polysemy_entity_remapping,game_rule,mean_logprob,30.0,2.3573326587677,1.390687134530809,3.306854048040178,0.8333333333333334,4.797540732810989,4.452062038346116e-05
gemma2_9b_base,Gemma,9.0,base,large_7b9b,polysemy_entity_remapping,glossary,sum_logprob,30.0,3.2060356709692215,2.2792379944523176,4.092742679483361,0.8666666666666667,6.6291602231817155,2.8806013200475096e-07
gemma2_9b_base,Gemma,9.0,base,large_7b9b,polysemy_entity_remapping,glossary,mean_logprob,30.0,3.2060356709692215,2.2792379944523176,4.092742679483361,0.8666666666666667,6.6291602231817155,2.8806013200475096e-07
gemma2_9b_base,Gemma,9.0,base,large_7b9b,polysemy_entity_remapping,technical_document,sum_logprob,30.0,2.8680729177263045,1.8048422283596464,3.9357666832208626,0.8333333333333334,5.198719461840218,1.4600478909326883e-05
gemma2_9b_base,Gemma,9.0,base,large_7b9b,polysemy_entity_remapping,technical_document,mean_logprob,30.0,2.8680729177263045,1.8048422283596464,3.9357666832208626,0.8333333333333334,5.198719461840218,1.4600478909326883e-05
gemma2_9b_base,Gemma,9.0,base,large_7b9b,domain_definition_remapping,definition_scope,sum_logprob,30.0,2.3205460283491344,1.709449629121357,3.0303204467561504,0.9666666666666667,6.88433407169178,1.454999977198495e-07
gemma2_9b_base,Gemma,9.0,base,large_7b9b,domain_definition_remapping,definition_scope,mean_logprob,30.0,2.3205460283491344,1.709449629121357,3.0303204467561504,0.9666666666666667,6.88433407169178,1.454999977198495e-07
gemma2_9b_base,Gemma,9.0,base,large_7b9b,domain_definition_remapping,game_rule,sum_logprob,30.0,2.7301112333933513,1.6891060728496974,3.8532814849747563,0.8,4.729533941665754,5.3769568820318186e-05
gemma2_9b_base,Gemma,9.0,base,large_7b9b,domain_definition_remapping,game_rule,mean_logprob,30.0,2.7301112333933513,1.6891060728496974,3.8532814849747563,0.8,4.729533941665754,5.3769568820318186e-05
gemma2_9b_base,Gemma,9.0,base,large_7b9b,domain_definition_remapping,glossary,sum_logprob,30.0,3.738202404313617,2.859030331075192,4.631221401277516,0.9,8.020988379631772,7.598388162540874e-09
gemma2_9b_base,Gemma,9.0,base,large_7b9b,domain_definition_remapping,glossary,mean_logprob,30.0,3.738202404313617,2.859030331075192,4.631221401277516,0.9,8.020988379631772,7.598388162540874e-09
gemma2_9b_base,Gemma,9.0,base,large_7b9b,domain_definition_remapping,technical_document,sum_logprob,30.0,3.3042115555869214,2.391706822845671,4.3337990976704495,0.9666666666666667,6.5229125520347,3.83554006646226e-07
gemma2_9b_base,Gemma,9.0,base,large_7b9b,domain_definition_remapping,technical_document,mean_logprob,30.0,3.3042115555869214,2.391706822845671,4.3337990976704495,0.9666666666666667,6.5229125520347,3.83554006646226e-07
gemma2_9b_instruct,Gemma,9.0,instruct,large_7b9b,antonym_remapping,definition_scope,sum_logprob,80.0,-0.4517996828880011,-0.890838121167332,-0.037782093314634085,0.3875,-2.087510643339486,0.04006529694099096
gemma2_9b_instruct,Gemma,9.0,instruct,large_7b9b,antonym_remapping,definition_scope,mean_logprob,80.0,-0.4424699356717913,-0.8705065742447989,-0.03669031604867837,0.3875,-2.065061901271511,0.042197277671238285
gemma2_9b_instruct,Gemma,9.0,instruct,large_7b9b,antonym_remapping,game_rule,sum_logprob,80.0,0.6680341821837905,-0.354056938705814,1.707866703421324,0.5375,1.2697250498662993,0.207910074825393
gemma2_9b_instruct,Gemma,9.0,instruct,large_7b9b,antonym_remapping,game_rule,mean_logprob,80.0,0.7028845087651652,-0.3340121502356919,1.7248226565213993,0.55,1.3331940116067476,0.18629997078091293
gemma2_9b_instruct,Gemma,9.0,instruct,large_7b9b,antonym_remapping,glossary,sum_logprob,80.0,-0.03890233290506608,-0.42271977533119887,0.32043523619408953,0.5,-0.20265684284112948,0.8399242807213381
gemma2_9b_instruct,Gemma,9.0,instruct,large_7b9b,antonym_remapping,glossary,mean_logprob,80.0,-0.038790951432353185,-0.42321689440863314,0.32193164525175494,0.5,-0.2032439588247565,0.8394669454022794
gemma2_9b_instruct,Gemma,9.0,instruct,large_7b9b,antonym_remapping,technical_document,sum_logprob,80.0,-2.7050778716882027,-3.2854298204887886,-2.1453367365535643,0.125,-9.409366964841825,1.547259357562045e-14
gemma2_9b_instruct,Gemma,9.0,instruct,large_7b9b,antonym_remapping,technical_document,mean_logprob,80.0,-2.6948880543351152,-3.278219015767196,-2.1498307317516705,0.125,-9.37384481174906,1.8145134604898633e-14
gemma2_9b_instruct,Gemma,9.0,instruct,large_7b9b,arbitrary_semantic_remapping,definition_scope,sum_logprob,36.0,4.122160620159573,3.1955759306748703,4.980343881911702,0.9722222222222222,8.825420791359951,2.004990782103492e-10
gemma2_9b_instruct,Gemma,9.0,instruct,large_7b9b,arbitrary_semantic_remapping,definition_scope,mean_logprob,36.0,4.122160620159573,3.1955759306748703,4.980343881911702,0.9722222222222222,8.825420791359951,2.004990782103492e-10
gemma2_9b_instruct,Gemma,9.0,instruct,large_7b9b,arbitrary_semantic_remapping,game_rule,sum_logprob,36.0,6.337551712989807,4.770467167651211,7.836612529335198,0.9166666666666666,7.866116698439723,3.0210594413020876e-09
gemma2_9b_instruct,Gemma,9.0,instruct,large_7b9b,arbitrary_semantic_remapping,game_rule,mean_logprob,36.0,6.337551712989807,4.770467167651211,7.836612529335198,0.9166666666666666,7.866116698439723,3.0210594413020876e-09
gemma2_9b_instruct,Gemma,9.0,instruct,large_7b9b,arbitrary_semantic_remapping,glossary,sum_logprob,36.0,3.3309731395156295,2.261042788183248,4.344730381888372,0.8888888888888888,6.01392787355472,7.401747979032536e-07
gemma2_9b_instruct,Gemma,9.0,instruct,large_7b9b,arbitrary_semantic_remapping,glossary,mean_logprob,36.0,3.3309731395156295,2.261042788183248,4.344730381888372,0.8888888888888888,6.01392787355472,7.401747979032536e-07
gemma2_9b_instruct,Gemma,9.0,instruct,large_7b9b,arbitrary_semantic_remapping,technical_document,sum_logprob,36.0,3.7463033111007125,3.1747565042089536,4.3194364054335495,1.0,12.471346397772173,1.9495136845589986e-14
gemma2_9b_instruct,Gemma,9.0,instruct,large_7b9b,arbitrary_semantic_remapping,technical_document,mean_logprob,36.0,3.7463033111007125,3.1747565042089536,4.3194364054335495,1.0,12.471346397772173,1.9495136845589986e-14
gemma2_9b_instruct,Gemma,9.0,instruct,large_7b9b,polysemy_entity_remapping,definition_scope,sum_logprob,30.0,2.177539163165622,1.3544060166676837,3.0008148561583625,0.8333333333333334,5.0845583626439534,2.0052682731271762e-05
gemma2_9b_instruct,Gemma,9.0,instruct,large_7b9b,polysemy_entity_remapping,definition_scope,mean_logprob,30.0,2.177539163165622,1.3544060166676837,3.0008148561583625,0.8333333333333334,5.0845583626439534,2.0052682731271762e-05
gemma2_9b_instruct,Gemma,9.0,instruct,large_7b9b,polysemy_entity_remapping,game_rule,sum_logprob,30.0,5.801237048043146,3.5552105716864264,8.112429640160668,0.9,4.943308113983391,2.9695593565667676e-05
gemma2_9b_instruct,Gemma,9.0,instruct,large_7b9b,polysemy_entity_remapping,game_rule,mean_logprob,30.0,5.801237048043146,3.5552105716864264,8.112429640160668,0.9,4.943308113983391,2.9695593565667676e-05
gemma2_9b_instruct,Gemma,9.0,instruct,large_7b9b,polysemy_entity_remapping,glossary,sum_logprob,30.0,-0.34631898668077277,-1.81674871855312,1.1356854403018952,0.4666666666666667,-0.454627156946609,0.6527624299975663
gemma2_9b_instruct,Gemma,9.0,instruct,large_7b9b,polysemy_entity_remapping,glossary,mean_logprob,30.0,-0.34631898668077277,-1.81674871855312,1.1356854403018952,0.4666666666666667,-0.454627156946609,0.6527624299975663
gemma2_9b_instruct,Gemma,9.0,instruct,large_7b9b,polysemy_entity_remapping,technical_document,sum_logprob,30.0,0.7531453185611301,-0.05836692200766652,1.4856927776336675,0.7333333333333333,1.9115688961400732,0.06585892517252352
gemma2_9b_instruct,Gemma,9.0,instruct,large_7b9b,polysemy_entity_remapping,technical_document,mean_logprob,30.0,0.7531453185611301,-0.05836692200766652,1.4856927776336675,0.7333333333333333,1.9115688961400732,0.06585892517252352
gemma2_9b_instruct,Gemma,9.0,instruct,large_7b9b,domain_definition_remapping,definition_scope,sum_logprob,30.0,2.1453991942935517,1.2888763834370505,3.013990001148648,0.8,4.604528000140306,7.603747852913532e-05
gemma2_9b_instruct,Gemma,9.0,instruct,large_7b9b,domain_definition_remapping,definition_scope,mean_logprob,30.0,2.1453991942935517,1.2888763834370505,3.013990001148648,0.8,4.604528000140306,7.603747852913532e-05
gemma2_9b_instruct,Gemma,9.0,instruct,large_7b9b,domain_definition_remapping,game_rule,sum_logprob,30.0,5.120692200130887,2.791847937901815,7.550856491592195,0.8333333333333334,4.019939823240655,0.0003789679596356896
gemma2_9b_instruct,Gemma,9.0,instruct,large_7b9b,domain_definition_remapping,game_rule,mean_logprob,30.0,5.120692200130887,2.791847937901815,7.550856491592195,0.8333333333333334,4.019939823240655,0.0003789679596356896
gemma2_9b_instruct,Gemma,9.0,instruct,large_7b9b,domain_definition_remapping,glossary,sum_logprob,30.0,0.6729003508885704,-0.3505795739094414,1.7328461008601717,0.5,1.2625432154677136,0.21681191469361713
gemma2_9b_instruct,Gemma,9.0,instruct,large_7b9b,domain_definition_remapping,glossary,mean_logprob,30.0,0.6729003508885704,-0.3505795739094414,1.7328461008601717,0.5,1.2625432154677136,0.21681191469361713
gemma2_9b_instruct,Gemma,9.0,instruct,large_7b9b,domain_definition_remapping,technical_document,sum_logprob,30.0,0.07424597740173328,-0.980424210495419,1.063224317232768,0.5666666666666667,0.13606102261713407,0.8927131597050797
gemma2_9b_instruct,Gemma,9.0,instruct,large_7b9b,domain_definition_remapping,technical_document,mean_logprob,30.0,0.07424597740173328,-0.980424210495419,1.063224317232768,0.5666666666666667,0.13606102261713407,0.8927131597050797
mistral7b_base,Mistral,7.0,base,large_7b,antonym_remapping,definition_scope,sum_logprob,80.0,0.5281922066857078,0.212860296422341,0.8550393296769957,0.6,3.2811772835683257,0.0015400861305120673
mistral7b_base,Mistral,7.0,base,large_7b,antonym_remapping,definition_scope,mean_logprob,80.0,0.11663496371802466,-0.12597655805918087,0.37174729563275133,0.4875,0.9217937440110412,0.3594427465721852
mistral7b_base,Mistral,7.0,base,large_7b,antonym_remapping,game_rule,sum_logprob,80.0,3.7125184627664565,3.251489271788539,4.18882090542079,0.95,15.088919589950997,5.5852013017097e-25
mistral7b_base,Mistral,7.0,base,large_7b,antonym_remapping,game_rule,mean_logprob,80.0,2.851717563631488,2.474926619173892,3.255414033468398,0.95,14.220975421243715,1.7347957112866577e-23
mistral7b_base,Mistral,7.0,base,large_7b,antonym_remapping,glossary,sum_logprob,80.0,0.9177540679435575,0.6514019323686625,1.21875698501494,0.7875,6.333931079477739,1.358743257755898e-08
mistral7b_base,Mistral,7.0,base,large_7b,antonym_remapping,glossary,mean_logprob,80.0,0.6082443303859488,0.39757783508219896,0.8334708286925546,0.7625,5.50199275825326,4.493994241083881e-07
mistral7b_base,Mistral,7.0,base,large_7b,antonym_remapping,technical_document,sum_logprob,80.0,2.306865983589281,1.9944965524963723,2.6216204910785263,0.9875,14.359792177916907,9.949382074327402e-24
mistral7b_base,Mistral,7.0,base,large_7b,antonym_remapping,technical_document,mean_logprob,80.0,1.7580629108192323,1.5156780641004015,2.0152609546022524,0.9875,13.897302597533544,6.402241843221282e-23
mistral7b_base,Mistral,7.0,base,large_7b,arbitrary_semantic_remapping,definition_scope,sum_logprob,36.0,3.8768066512463886,3.4345681197920817,4.28752930682062,1.0,17.233676153454937,1.124361017264058e-18
mistral7b_base,Mistral,7.0,base,large_7b,arbitrary_semantic_remapping,definition_scope,mean_logprob,36.0,3.7300036777663155,3.295540575365562,4.1462600372182115,1.0,17.13325273917729,1.3507604214572924e-18
mistral7b_base,Mistral,7.0,base,large_7b,arbitrary_semantic_remapping,game_rule,sum_logprob,36.0,4.876285061722834,4.246649560619348,5.512802630765643,1.0,14.951084284207631,9.092344987609292e-17
mistral7b_base,Mistral,7.0,base,large_7b,arbitrary_semantic_remapping,game_rule,mean_logprob,36.0,4.7822189140646465,4.157779269081219,5.4257656771858205,1.0,14.78954336728269,1.2642783143530898e-16
mistral7b_base,Mistral,7.0,base,large_7b,arbitrary_semantic_remapping,glossary,sum_logprob,36.0,3.121514798355444,2.6482564462115987,3.569212159527093,0.9722222222222222,13.082343023910258,4.874221490217064e-15
mistral7b_base,Mistral,7.0,base,large_7b,arbitrary_semantic_remapping,glossary,mean_logprob,36.0,3.000504016151499,2.5269004200141083,3.457675249589492,0.9722222222222222,12.689637268044603,1.1821232717485732e-14
mistral7b_base,Mistral,7.0,base,large_7b,arbitrary_semantic_remapping,technical_document,sum_logprob,36.0,3.8881115218186832,3.335859131963123,4.3834078896995825,1.0,14.420737953909814,2.7103912684482333e-16
mistral7b_base,Mistral,7.0,base,large_7b,arbitrary_semantic_remapping,technical_document,mean_logprob,36.0,3.791403596412518,3.2351303839776206,4.282088809875436,1.0,14.18202564129713,4.473744773054482e-16
mistral7b_base,Mistral,7.0,base,large_7b,polysemy_entity_remapping,definition_scope,sum_logprob,30.0,2.8263671532066326,2.2678806638681435,3.3537339513122824,0.9666666666666667,10.150982585966602,4.6925396706520686e-11
mistral7b_base,Mistral,7.0,base,large_7b,polysemy_entity_remapping,definition_scope,mean_logprob,30.0,2.5373161157696607,2.03522034458428,3.016392131166584,0.9666666666666667,10.022822928821657,6.267032259008446e-11
mistral7b_base,Mistral,7.0,base,large_7b,polysemy_entity_remapping,game_rule,sum_logprob,30.0,5.274741064115531,4.3108219384510695,6.256083759978519,0.9666666666666667,10.76300161471984,1.2129978793080427e-11
mistral7b_base,Mistral,7.0,base,large_7b,polysemy_entity_remapping,game_rule,mean_logprob,30.0,4.833120683466809,3.9329750526379534,5.736799465879127,0.9333333333333333,10.352824810264593,2.987878562065204e-11
mistral7b_base,Mistral,7.0,base,large_7b,polysemy_entity_remapping,glossary,sum_logprob,30.0,2.2016470882834662,1.6907217098218905,2.7196169902705067,1.0,7.982912320712642,8.366751611998088e-09
mistral7b_base,Mistral,7.0,base,large_7b,polysemy_entity_remapping,glossary,mean_logprob,30.0,1.955262823909935,1.5162179293680111,2.41572725500213,1.0,8.398330852165195,2.9546603379370716e-09
mistral7b_base,Mistral,7.0,base,large_7b,polysemy_entity_remapping,technical_document,sum_logprob,30.0,2.9776412970903845,2.366937444836108,3.6112516655234823,0.9666666666666667,9.22689185696538,3.9642884998138646e-10
mistral7b_base,Mistral,7.0,base,large_7b,polysemy_entity_remapping,technical_document,mean_logprob,30.0,2.6922550747998883,2.1445315104645366,3.2598033838356946,0.9666666666666667,9.496866807166155,2.1009015287083678e-10
mistral7b_base,Mistral,7.0,base,large_7b,domain_definition_remapping,definition_scope,sum_logprob,30.0,2.1035581929816143,1.5502541042450402,2.731847400404513,0.9333333333333333,6.811945886198217,1.7648610239219717e-07
mistral7b_base,Mistral,7.0,base,large_7b,domain_definition_remapping,definition_scope,mean_logprob,30.0,1.7465295273396704,1.3103489902884595,2.2295823504382537,0.9333333333333333,7.157236249193151,7.063013553931448e-08
mistral7b_base,Mistral,7.0,base,large_7b,domain_definition_remapping,game_rule,sum_logprob,30.0,4.800823412100888,3.8223602111433213,5.7626608945633695,0.9666666666666667,9.344119342677098,3.0054878606012323e-10
mistral7b_base,Mistral,7.0,base,large_7b,domain_definition_remapping,game_rule,mean_logprob,30.0,4.335848608825149,3.368233006907265,5.341164702800778,0.9666666666666667,8.233839323581162,4.44983932616924e-09
mistral7b_base,Mistral,7.0,base,large_7b,domain_definition_remapping,glossary,sum_logprob,30.0,2.0374592228068247,1.6242502413690092,2.4806407327536077,1.0,9.025729500983708,6.402456406108854e-10
mistral7b_base,Mistral,7.0,base,large_7b,domain_definition_remapping,glossary,mean_logprob,30.0,1.8388999251855747,1.4733942530428372,2.226265331072112,1.0,9.350772808622581,2.958785564273186e-10
mistral7b_base,Mistral,7.0,base,large_7b,domain_definition_remapping,technical_document,sum_logprob,30.0,1.726356571933462,1.2040403743424555,2.285836608472487,0.8666666666666667,6.075153590196461,1.296289062264633e-06
mistral7b_base,Mistral,7.0,base,large_7b,domain_definition_remapping,technical_document,mean_logprob,30.0,1.4695688072281583,0.9980060855679527,1.9517946550516516,0.8333333333333334,5.8346615223065506,2.5093359168973227e-06
mistral7b_instruct,Mistral,7.0,instruct,large_7b,antonym_remapping,definition_scope,sum_logprob,80.0,0.9519604286314897,0.05012550036826964,1.8230858380727522,0.6,2.057401406191309,0.04294685440335295
mistral7b_instruct,Mistral,7.0,instruct,large_7b,antonym_remapping,definition_scope,mean_logprob,80.0,-0.058325641970315534,-0.7685557859193564,0.6116725001930883,0.5125,-0.16390884163653785,0.8702215303265126
mistral7b_instruct,Mistral,7.0,instruct,large_7b,antonym_remapping,game_rule,sum_logprob,80.0,2.8902589160026237,1.5769157697580471,4.302618664138348,0.6375,4.1260020238486,9.069739956247901e-05
mistral7b_instruct,Mistral,7.0,instruct,large_7b,antonym_remapping,game_rule,mean_logprob,80.0,1.7624835304263484,0.6689661838014135,2.9434517186441247,0.6125,3.0065943114176568,0.0035411929576969112
mistral7b_instruct,Mistral,7.0,instruct,large_7b,antonym_remapping,glossary,sum_logprob,80.0,-1.6093641311734033,-2.275113330936142,-0.8632287724404856,0.1625,-4.505501111474876,2.2619549023387704e-05
mistral7b_instruct,Mistral,7.0,instruct,large_7b,antonym_remapping,glossary,mean_logprob,80.0,-2.1479647886899516,-2.617209362054472,-1.6670337565394022,0.15,-8.745650314242852,3.0538694400861443e-13
mistral7b_instruct,Mistral,7.0,instruct,large_7b,antonym_remapping,technical_document,sum_logprob,80.0,-0.8692431111868046,-1.763910895573526,0.06962082397744465,0.325,-1.9175231417457714,0.05878604812770246
mistral7b_instruct,Mistral,7.0,instruct,large_7b,antonym_remapping,technical_document,mean_logprob,80.0,-1.9284909455077126,-2.5998973173813753,-1.2846495560338813,0.2125,-5.811198517090631,1.2486450468673667e-07
mistral7b_instruct,Mistral,7.0,instruct,large_7b,arbitrary_semantic_remapping,definition_scope,sum_logprob,36.0,3.816452076799292,2.761599729531537,5.087903234063888,0.8888888888888888,6.322700259770132,2.908056545717403e-07
mistral7b_instruct,Mistral,7.0,instruct,large_7b,arbitrary_semantic_remapping,definition_scope,mean_logprob,36.0,3.541745748733749,2.7108101399682445,4.497176255255029,0.9166666666666666,7.629183139845297,6.001897886083728e-09
mistral7b_instruct,Mistral,7.0,instruct,large_7b,arbitrary_semantic_remapping,game_rule,sum_logprob,36.0,11.184251836298678,9.34733217699377,13.098639138938415,1.0,11.468629444249236,2.0895992445005341e-13
mistral7b_instruct,Mistral,7.0,instruct,large_7b,arbitrary_semantic_remapping,game_rule,mean_logprob,36.0,10.746924920910162,8.79774039352501,12.7772690189876,1.0,10.60817417260439,1.7686397378562197e-12
mistral7b_instruct,Mistral,7.0,instruct,large_7b,arbitrary_semantic_remapping,glossary,sum_logprob,36.0,2.9350009798096703,1.8897407175418661,4.083620423902416,0.7777777777777778,5.126308787200215,1.0949679850795885e-05
mistral7b_instruct,Mistral,7.0,instruct,large_7b,arbitrary_semantic_remapping,glossary,mean_logprob,36.0,2.911582237318745,1.9367685200843545,3.988696643374461,0.8333333333333334,5.608374481924957,2.5355427100155374e-06
mistral7b_instruct,Mistral,7.0,instruct,large_7b,arbitrary_semantic_remapping,technical_document,sum_logprob,36.0,2.301858803916136,1.2762874335075722,3.4779454824288365,0.7777777777777778,4.0385168058756244,0.00027923910665427875
mistral7b_instruct,Mistral,7.0,instruct,large_7b,arbitrary_semantic_remapping,technical_document,mean_logprob,36.0,2.0898387550496844,1.2657947032682053,2.9932010280426495,0.8333333333333334,4.7316390174312835,3.5989042765284556e-05
mistral7b_instruct,Mistral,7.0,instruct,large_7b,polysemy_entity_remapping,definition_scope,sum_logprob,30.0,3.064169197282657,2.5676509813729207,3.5641534266254373,1.0,11.806476398518402,1.3435248466376395e-12
mistral7b_instruct,Mistral,7.0,instruct,large_7b,polysemy_entity_remapping,definition_scope,mean_logprob,30.0,2.749682272640267,2.278899619343173,3.234245767938313,1.0,10.998887729445642,7.291792686233777e-12
mistral7b_instruct,Mistral,7.0,instruct,large_7b,polysemy_entity_remapping,game_rule,sum_logprob,30.0,4.116258555140989,2.5923001909146213,5.676672182557531,0.7666666666666667,5.0928346400864,1.9596604307542114e-05
mistral7b_instruct,Mistral,7.0,instruct,large_7b,polysemy_entity_remapping,game_rule,mean_logprob,30.0,3.7023491893312492,2.2913365094335005,5.214834063644521,0.8,4.843502514644437,3.918570728881815e-05
mistral7b_instruct,Mistral,7.0,instruct,large_7b,polysemy_entity_remapping,glossary,sum_logprob,30.0,1.7422292658212934,0.926769557419144,2.5313400314370402,0.7,4.096553595845274,0.00030761170522133283
mistral7b_instruct,Mistral,7.0,instruct,large_7b,polysemy_entity_remapping,glossary,mean_logprob,30.0,1.4437820395756011,0.7117587388279548,2.1429055068714935,0.7,3.844474082103445,0.0006092640075659171
mistral7b_instruct,Mistral,7.0,instruct,large_7b,polysemy_entity_remapping,technical_document,sum_logprob,30.0,2.401149827554117,1.6370968969211408,3.2358560549714244,0.8333333333333334,5.734259633587639,3.3097119730380533e-06
mistral7b_instruct,Mistral,7.0,instruct,large_7b,polysemy_entity_remapping,technical_document,mean_logprob,30.0,2.3354088529849832,1.5731089796792275,3.1511053816173646,0.8666666666666667,5.739007759671463,3.266620733654611e-06
mistral7b_instruct,Mistral,7.0,instruct,large_7b,domain_definition_remapping,definition_scope,sum_logprob,30.0,3.688146391332056,2.4950043477277783,4.977748886965231,0.8666666666666667,5.747454063011844,3.1913587169448867e-06
mistral7b_instruct,Mistral,7.0,instruct,large_7b,domain_definition_remapping,definition_scope,mean_logprob,30.0,3.3131085283987587,2.271829057422082,4.434358392736164,0.8666666666666667,5.831153596461946,2.533700134684358e-06
mistral7b_instruct,Mistral,7.0,instruct,large_7b,domain_definition_remapping,game_rule,sum_logprob,30.0,4.0844449079487175,2.2277182340041652,5.958190385785165,0.7666666666666667,4.235907667557976,0.0002101164499549483
mistral7b_instruct,Mistral,7.0,instruct,large_7b,domain_definition_remapping,game_rule,mean_logprob,30.0,3.8576903288457185,2.111642469753498,5.641162690066087,0.7666666666666667,4.176528203833925,0.00024723443133449957
mistral7b_instruct,Mistral,7.0,instruct,large_7b,domain_definition_remapping,glossary,sum_logprob,30.0,4.105173013419294,2.9401866523509184,5.414671676881101,0.9,6.484682193037984,4.2528791153493186e-07
mistral7b_instruct,Mistral,7.0,instruct,large_7b,domain_definition_remapping,glossary,mean_logprob,30.0,3.804376436179074,2.7669872046567083,4.868641670947581,0.9333333333333333,7.0550620130863875,9.248735936823282e-08
mistral7b_instruct,Mistral,7.0,instruct,large_7b,domain_definition_remapping,technical_document,sum_logprob,30.0,1.9451616804547178,1.137954228551975,2.912188185445162,0.8333333333333334,4.274785989773183,0.00018885198677921576
mistral7b_instruct,Mistral,7.0,instruct,large_7b,domain_definition_remapping,technical_document,mean_logprob,30.0,1.8079215109719369,1.0733727752158264,2.6115504638850693,0.8333333333333334,4.512492878675285,9.808885229882377e-05
